S,roberta-large,DatasetAnalysis-NLIbias/3ujzt58w,DatasetAnalysis-NLIbias/3tks607u
A1,roberta-large,DatasetAnalysis-NLIbias/10e26fn4,DatasetAnalysis-NLIbias/1m49nil7
A2,roberta-large,DatasetAnalysis-NLIbias/2nzdo7me,DatasetAnalysis-NLIbias/84mcjb9w
M,roberta-large,DatasetAnalysis-NLIbias/3lqgp2w9,DatasetAnalysis-NLIbias/1wli914u
A3,roberta-large,DatasetAnalysis-NLIbias/64iggkkr,DatasetAnalysis-NLIbias/s77zgqdz
SICK,roberta-large,DatasetAnalysis-NLIbias/2uypojvi,DatasetAnalysis-NLIbias/2ihaysmg
OC,bert-base-chinese,DatasetAnalysis-NLIbias/n5hwvav7
F,roberta-large,DatasetAnalysis-NLIbias/qf2zhgjc
AA,roberta-large,DatasetAnalysis-NLIbias/g45lbkw5
CF,roberta-large,DatasetAnalysis-NLIbias/34t5fe0a
SM,roberta-large,DatasetAnalysis-NLIbias/1jfuakpr
SMF,roberta-large,DatasetAnalysis-NLIbias/117sodk3
SMF-AA,roberta-large,DatasetAnalysis-NLIbias/ge6z6fpb